id,first_name,last_name,email,gender,birth_date
1,Harwell,Lindenstrauss,hlindenstrauss0@bing.com,Male,2016-01-07
2,Riannon,Paradin,rparadin1@typepad.com,Female,2022-08-11
3,Jackie,MacConnechie,jmacconnechie2@slideshare.net,Male,2021-10-31
4,Cosetta,Paffley,cpaffley3@123-reg.co.uk,Female,2021-11-14
5,Elisabeth,Sperwell,esperwell4@indiegogo.com,Female,2016-07-10
6,Kylie,Bardill,kbardill5@china.com.cn,Male,2022-07-15
7,Nata,Peachey,npeachey6@home.pl,Female,2016-05-04
8,Davon,Newcomen,dnewcomen7@sphinn.com,Male,2020-12-22
9,Hadlee,Vamplus,hvamplus8@home.pl,Male,2020-08-09
10,Penelope,Gumary,pgumary9@cargocollective.com,Female,2015-12-08
11,Harlie,Corbin,hcorbina@msu.edu,Female,2016-05-24
12,Terrill,Parfett,tparfettb@tamu.edu,Male,2017-03-24
13,Sonnnie,De Leek,sdeleekc@oracle.com,Female,2019-03-18
14,Noellyn,Litchmore,nlitchmored@acquirethisname.com,Female,2019-10-26
15,Kimmie,Castanone,kcastanonee@e-recht24.de,Female,2021-02-04
16,Evin,Beeke,ebeekef@seesaa.net,Male,2019-10-12
17,Lynelle,Blaine,lblaineg@multiply.com,Female,2023-02-16
18,Collen,Torald,ctoraldh@vk.com,Female,2017-08-26
19,Giselbert,Iapico,giapicoi@qq.com,Male,2023-04-05
20,Sanson,Pouck,spouckj@vkontakte.ru,Male,2023-06-10
21,Danny,Pedler,dpedlerk@google.es,Female,2022-08-30
22,Maybelle,Kinchley,mkinchleyl@weibo.com,Female,2018-06-21
23,Charmain,Siemandl,csiemandlm@yelp.com,Female,2022-04-04
24,Horace,Gambrell,hgambrelln@fema.gov,Male,2023-01-18
25,Wilhelmine,MacIlory,wmaciloryo@alexa.com,Female,2019-04-17
26,Dewie,Alesi,dalesip@ocn.ne.jp,Male,2022-06-15
27,Gregoor,Lapslie,glapslieq@baidu.com,Male,2015-12-13
28,Esmaria,Broughton,ebroughtonr@ebay.co.uk,Female,2018-10-22
29,Lyndy,Soppit,lsoppits@wix.com,Female,2022-06-28
30,Mordecai,Cicutto,mcicuttot@businesswire.com,Male,2017-02-05
31,Burnard,Krale,bkraleu@wsj.com,Male,2021-02-03
32,Juieta,Echelle,jechellev@nytimes.com,Female,2017-02-16
33,Gerty,Goodbody,ggoodbodyw@dailymotion.com,Female,2019-12-15
34,Shawn,Spurgeon,sspurgeonx@nbcnews.com,Female,2016-06-29
35,Raul,Leal,rlealy@opensource.org,Male,2021-06-08
36,Jard,Tomblett,jtomblettz@marriott.com,Male,2019-04-14
37,Emilia,Lazenby,elazenby10@ameblo.jp,Female,2020-11-18
38,Wyndham,Heinecke,wheinecke11@comsenz.com,Male,2016-12-11
39,Netti,Paolillo,npaolillo12@canalblog.com,Female,2017-12-14
40,Drucill,Lumley,dlumley13@forbes.com,Female,2023-03-18
41,Emlyn,Byram,ebyram14@xrea.com,Male,2020-05-18
42,Darrel,Berecloth,dberecloth15@istockphoto.com,Male,2023-02-18
43,Zeke,Kelleher,zkelleher16@people.com.cn,Male,2022-07-18
44,Maureene,Walczynski,mwalczynski17@ihg.com,Female,2016-11-25
45,Miguel,Prince,mprince18@dyndns.org,Male,2020-10-08
46,Ky,Overshott,kovershott19@cpanel.net,Male,2020-12-06
47,Fae,Eliasson,feliasson1a@upenn.edu,Female,2018-04-20
48,Reinhold,Otson,rotson1b@godaddy.com,Male,2021-02-26
49,Jewell,Cressingham,jcressingham1c@ovh.net,Female,2015-12-26
50,Jennine,Gibbons,jgibbons1d@engadget.com,Female,2023-06-03
51,Lyda,McIlmurray,lmcilmurray1e@cbslocal.com,Female,2017-09-24
52,Shawn,Ben,sben1f@hubpages.com,Male,2022-12-25
53,Gene,Gawen,ggawen1g@eventbrite.com,Male,2017-07-15
54,Trescha,Sachno,tsachno1h@simplemachines.org,Female,2022-01-19
55,Kristina,Relf,krelf1i@eepurl.com,Agender,2020-08-08
56,Bordie,Torres,btorres1j@yahoo.co.jp,Male,2016-10-13
57,Xylina,Bewlie,xbewlie1k@zdnet.com,Female,2023-02-28
58,Nanine,Nickless,nnickless1l@columbia.edu,Female,2017-01-12
59,Beilul,Hoofe,bhoofe1m@chron.com,Female,2016-12-10
60,Zilvia,Simacek,zsimacek1n@about.com,Female,2019-05-09
61,Gaspard,Tottle,gtottle1o@smugmug.com,Male,2018-10-27
62,Marena,Maggill'Andreis,mmaggillandreis1p@vkontakte.ru,Female,2018-04-02
63,Bonny,Hammand,bhammand1q@ifeng.com,Female,2021-08-19
64,Duky,Carbine,dcarbine1r@google.it,Male,2019-10-08
65,Tye,Dzenisenka,tdzenisenka1s@google.com.hk,Male,2018-03-22
66,Millard,Agron,magron1t@g.co,Male,2018-10-27
67,Allissa,Musprat,amusprat1u@sciencedirect.com,Polygender,2020-09-08
68,Dehlia,Kemmons,dkemmons1v@opera.com,Non-binary,2017-02-20
69,Frans,Faulds,ffaulds1w@rediff.com,Male,2017-04-09
70,Lise,McCartan,lmccartan1x@bloomberg.com,Female,2021-03-31
71,Priscella,Shallcross,pshallcross1y@bluehost.com,Female,2016-04-07
72,Zeke,Waight,zwaight1z@cbsnews.com,Male,2018-10-02
73,Udale,Duggon,uduggon20@patch.com,Male,2021-03-11
74,Malvina,Napoli,mnapoli21@google.com.br,Female,2022-11-06
75,Mick,Behnecke,mbehnecke22@last.fm,Male,2018-03-09
76,Kerianne,Kellie,kkellie23@flickr.com,Female,2020-02-27
77,Obidiah,Lisle,olisle24@tripod.com,Male,2017-08-11
78,Chris,Stronack,cstronack25@t.co,Male,2023-05-15
79,Etheline,Grosvener,egrosvener26@ovh.net,Polygender,2021-04-27
80,Bendicty,Gillcrist,bgillcrist27@skype.com,Male,2018-02-08
81,Bridgette,Tuttiett,btuttiett28@cisco.com,Non-binary,2022-11-05
82,Bee,Harsant,bharsant29@vk.com,Female,2020-05-31
83,Currey,Thumnel,cthumnel2a@merriam-webster.com,Male,2020-06-19
84,Justin,Vasler,jvasler2b@creativecommons.org,Male,2019-10-26
85,Kirk,Badby,kbadby2c@pinterest.com,Male,2017-09-04
86,Lanni,Annandale,lannandale2d@booking.com,Female,2016-09-10
87,Silvana,Auld,sauld2e@marriott.com,Female,2020-12-20
88,Olvan,Kitchingman,okitchingman2f@google.cn,Male,2020-12-15
89,Gianni,Holgan,gholgan2g@admin.ch,Male,2019-07-03
90,Doe,Danielian,ddanielian2h@wikispaces.com,Female,2019-12-20
91,Ian,Gallehock,igallehock2i@hexun.com,Male,2018-01-11
92,Kinny,Crutchley,kcrutchley2j@multiply.com,Male,2020-04-15
93,Gabie,McIlwrick,gmcilwrick2k@behance.net,Female,2021-12-13
94,Carter,Foxall,cfoxall2l@weather.com,Male,2020-10-11
95,Gunar,Ducket,gducket2m@mashable.com,Male,2020-10-07
96,Nariko,Halle,nhalle2n@pcworld.com,Female,2018-05-30
97,Charmian,Burney,cburney2o@miibeian.gov.cn,Female,2017-08-07
98,Sinclare,Sidgwick,ssidgwick2p@tamu.edu,Male,2020-04-29
99,Megan,Hagard,mhagard2q@ehow.com,Genderqueer,2019-10-08
100,Lotta,Catonnet,lcatonnet2r@goo.gl,Female,2019-08-24
101,Giraud,Layman,glayman2s@go.com,Polygender,2022-05-13
102,Cherilynn,Lount,clount2t@techcrunch.com,Agender,2018-03-08
103,Sonny,Cicetti,scicetti2u@narod.ru,Male,2018-12-28
104,Rodina,Vicker,rvicker2v@blogtalkradio.com,Female,2021-11-10
105,Missy,Lowles,mlowles2w@yolasite.com,Female,2021-02-16
106,Erhart,Birkby,ebirkby2x@furl.net,Male,2021-11-23
107,Lauree,Poon,lpoon2y@artisteer.com,Non-binary,2022-01-14
108,Kain,Lilion,klilion2z@godaddy.com,Male,2016-01-18
109,Chauncey,Fletcher,cfletcher30@opera.com,Male,2020-07-03
110,Shermy,Baldacchi,sbaldacchi31@nsw.gov.au,Male,2023-04-06
111,Scott,Zielinski,szielinski32@sphinn.com,Male,2016-01-31
112,Paton,Busch,pbusch33@reuters.com,Male,2019-10-10
113,Nollie,McGowing,nmcgowing34@home.pl,Female,2019-07-10
114,Angeli,Pappin,apappin35@cornell.edu,Male,2020-12-06
115,Demetre,Ajam,dajam36@flickr.com,Male,2018-02-18
116,Skye,Wetherhead,swetherhead37@aboutads.info,Male,2018-09-16
117,Tammara,Burnside,tburnside38@usatoday.com,Female,2020-07-28
118,Saidee,Clarke-Williams,sclarkewilliams39@ftc.gov,Female,2016-09-10
119,Ephrayim,Rasell,erasell3a@sun.com,Male,2017-05-02
120,Forster,Sevier,fsevier3b@omniture.com,Male,2023-03-13
121,Millard,Trusty,mtrusty3c@google.co.uk,Male,2018-04-21
122,Garald,Rugge,grugge3d@goo.gl,Male,2022-11-26
123,Gwyn,Boumphrey,gboumphrey3e@apple.com,Female,2017-02-28
124,Minnnie,Stobo,mstobo3f@51.la,Female,2021-12-20
125,Emily,Mayfield,emayfield3g@google.it,Female,2018-12-14
126,Rowney,Crallan,rcrallan3h@i2i.jp,Male,2017-04-25
127,Jud,Battyll,jbattyll3i@wix.com,Bigender,2016-08-17
128,Durward,Wedderburn,dwedderburn3j@flickr.com,Male,2020-04-10
129,Delmer,Durtnall,ddurtnall3k@exblog.jp,Male,2017-05-03
130,Reggi,Lomath,rlomath3l@blog.com,Female,2020-07-14
131,Joane,Willets,jwillets3m@cnet.com,Female,2019-09-29
132,Maynard,Pelos,mpelos3n@patch.com,Male,2019-05-12
133,Babbie,Kynston,bkynston3o@sitemeter.com,Agender,2023-04-06
134,Kitty,Chastney,kchastney3p@myspace.com,Female,2019-05-15
135,Gayel,Leiden,gleiden3q@google.it,Female,2020-05-31
136,Lindon,Sibylla,lsibylla3r@infoseek.co.jp,Male,2016-12-02
137,Kev,Ghidoni,kghidoni3s@sina.com.cn,Male,2022-08-18
138,Andrey,Barukh,abarukh3t@oracle.com,Male,2020-06-30
139,Marlo,Kilner,mkilner3u@reverbnation.com,Male,2016-04-30
140,Elysee,McConigal,emcconigal3v@alexa.com,Female,2016-12-13
141,Erv,Dawidsohn,edawidsohn3w@phoca.cz,Male,2020-03-15
142,Tawnya,Calcutt,tcalcutt3x@bandcamp.com,Female,2022-01-31
143,Cheryl,MacSharry,cmacsharry3y@nsw.gov.au,Non-binary,2019-04-11
144,Meredithe,Favelle,mfavelle3z@mapy.cz,Female,2019-09-26
145,Jabez,Heel,jheel40@dmoz.org,Male,2022-02-22
146,Chickie,Formoy,cformoy41@hexun.com,Female,2016-10-25
147,Latrina,Angric,langric42@unicef.org,Female,2018-02-23
148,Noll,Chaddock,nchaddock43@google.pl,Male,2017-12-07
149,Alain,D'Orsay,adorsay44@amazon.co.uk,Male,2021-04-08
150,Meg,Quantrell,mquantrell45@mashable.com,Female,2019-06-15
151,Carly,Buckham,cbuckham46@accuweather.com,Male,2023-01-28
152,Merill,Slevin,mslevin47@biblegateway.com,Male,2020-03-30
153,Hans,Coast,hcoast48@photobucket.com,Male,2020-04-27
154,Adolpho,Maddra,amaddra49@cornell.edu,Male,2016-08-19
155,Salem,Seawell,sseawell4a@cargocollective.com,Male,2022-03-14
156,Lexie,Milesop,lmilesop4b@sphinn.com,Female,2020-06-22
157,Nannette,Richardson,nrichardson4c@shutterfly.com,Female,2022-01-09
158,Perle,Trewett,ptrewett4d@i2i.jp,Female,2018-08-22
159,Robers,Rubenczyk,rrubenczyk4e@cnn.com,Male,2021-09-14
160,Saunder,Hardcastle,shardcastle4f@cbslocal.com,Bigender,2016-02-19
161,Curtice,Cuel,ccuel4g@dot.gov,Male,2018-01-08
162,Griffin,Pehrsson,gpehrsson4h@cornell.edu,Male,2020-02-20
163,Neil,Bodocs,nbodocs4i@utexas.edu,Male,2019-07-26
164,Janifer,Surman,jsurman4j@ca.gov,Female,2020-01-11
165,Annalee,Treneman,atreneman4k@youku.com,Bigender,2015-12-25
166,Carmencita,Slate,cslate4l@bbc.co.uk,Bigender,2019-01-13
167,Cassey,Beacham,cbeacham4m@admin.ch,Female,2017-12-21
168,Cos,Warrillow,cwarrillow4n@webnode.com,Male,2021-03-11
169,Herold,Mc Andrew,hmcandrew4o@so-net.ne.jp,Male,2023-03-20
170,Miguel,Ceeley,mceeley4p@cargocollective.com,Bigender,2018-09-02
171,Dominick,Dadd,ddadd4q@sohu.com,Male,2018-07-24
172,Dulciana,Blazic,dblazic4r@mail.ru,Female,2017-07-14
173,Andrej,Volcker,avolcker4s@chronoengine.com,Male,2021-09-19
174,Benito,Silvers,bsilvers4t@google.com,Male,2022-04-11
175,Roberta,Goodale,rgoodale4u@icio.us,Female,2019-07-28
176,Adina,McNab,amcnab4v@stumbleupon.com,Female,2020-12-12
177,Cristina,Camillo,ccamillo4w@merriam-webster.com,Female,2021-06-26
178,Rubetta,Waumsley,rwaumsley4x@so-net.ne.jp,Female,2020-12-25
179,Laurella,Lovewell,llovewell4y@ted.com,Female,2023-06-19
180,Anabella,Collimore,acollimore4z@miitbeian.gov.cn,Female,2022-08-29
181,Josephine,Dartnall,jdartnall50@xrea.com,Female,2017-01-26
182,Ebeneser,Exroll,eexroll51@cmu.edu,Male,2023-02-21
183,Rozelle,Heckner,rheckner52@vk.com,Female,2018-10-22
184,Shannon,Dick,sdick53@usa.gov,Male,2023-02-23
185,Goldina,Cutcliffe,gcutcliffe54@nasa.gov,Female,2018-03-14
186,Joby,McKeggie,jmckeggie55@wufoo.com,Female,2022-08-18
187,Fairlie,Readie,freadie56@typepad.com,Male,2018-11-02
188,Barnebas,De Souza,bdesouza57@irs.gov,Male,2022-02-22
189,Dredi,McCrystal,dmccrystal58@infoseek.co.jp,Female,2018-04-10
190,Eli,Kettridge,ekettridge59@reverbnation.com,Male,2022-08-16
191,Joceline,Redon,jredon5a@sourceforge.net,Female,2018-10-17
192,Nelia,McCumskay,nmccumskay5b@nsw.gov.au,Female,2021-12-25
193,Maryanne,Bwy,mbwy5c@taobao.com,Female,2017-10-05
194,Henryetta,Roj,hroj5d@shareasale.com,Female,2017-12-30
195,Luther,Tidridge,ltidridge5e@buzzfeed.com,Male,2022-07-13
196,Jobie,Fuster,jfuster5f@ucsd.edu,Genderqueer,2017-09-21
197,Bobinette,Thundercliffe,bthundercliffe5g@amazon.com,Female,2021-02-03
198,Leena,De Normanville,ldenormanville5h@so-net.ne.jp,Female,2016-01-14
199,Norbie,Cereceres,ncereceres5i@sakura.ne.jp,Bigender,2021-05-07
200,Sharl,Joslow,sjoslow5j@slate.com,Female,2016-01-03
201,Ernest,Snary,esnary5k@sfgate.com,Male,2016-09-07
202,Sidney,Pidon,spidon5l@photobucket.com,Male,2022-01-26
203,Alison,Giddens,agiddens5m@reuters.com,Female,2020-01-15
204,Garrett,Brusby,gbrusby5n@sitemeter.com,Male,2020-04-10
205,Christiana,Bulford,cbulford5o@cbc.ca,Non-binary,2020-02-25
206,Siouxie,McDowell,smcdowell5p@devhub.com,Female,2021-10-03
207,Judd,Swine,jswine5q@cyberchimps.com,Male,2020-02-21
208,Courtnay,Suttill,csuttill5r@histats.com,Female,2018-01-17
209,Guillemette,Stirgess,gstirgess5s@amazon.com,Female,2017-11-12
210,Kirby,Voas,kvoas5t@amazon.co.uk,Agender,2017-11-22
211,Finley,Plumb,fplumb5u@google.com.br,Male,2016-11-12
212,Juliet,Muddle,jmuddle5v@google.nl,Female,2021-07-01
213,Ardra,Pllu,apllu5w@kickstarter.com,Female,2022-02-23
214,Balduin,Butlin,bbutlin5x@google.co.jp,Male,2021-10-06
215,Damaris,Bartalucci,dbartalucci5y@cyberchimps.com,Polygender,2020-05-15
216,Gil,Bertome,gbertome5z@qq.com,Male,2020-06-04
217,Dolorita,Antunez,dantunez60@timesonline.co.uk,Female,2022-02-20
218,Sammy,Hastelow,shastelow61@weather.com,Male,2021-05-30
219,Conroy,Priddie,cpriddie62@devhub.com,Male,2020-02-25
220,Libby,McKelvey,lmckelvey63@blogspot.com,Female,2016-10-15
221,Fredelia,Vandrill,fvandrill64@biblegateway.com,Genderqueer,2022-11-19
222,Kerianne,Folan,kfolan65@blinklist.com,Female,2020-01-18
223,Tiertza,Cantor,tcantor66@yelp.com,Agender,2022-06-06
224,Otis,Sorrie,osorrie67@marriott.com,Male,2021-05-03
225,Almire,Jore,ajore68@dot.gov,Female,2018-09-27
226,Phineas,Josephy,pjosephy69@sina.com.cn,Male,2023-04-11
227,Kermit,Newcomb,knewcomb6a@usgs.gov,Male,2017-08-24
228,Cart,Andresser,candresser6b@netvibes.com,Male,2016-07-29
229,Karlie,Burnup,kburnup6c@baidu.com,Female,2021-08-07
230,Normy,Prott,nprott6d@youtu.be,Male,2020-02-10
231,Cybill,Shuxsmith,cshuxsmith6e@squarespace.com,Female,2016-07-04
232,Francklyn,Martinho,fmartinho6f@blog.com,Male,2023-06-12
233,Carolann,Hassey,chassey6g@domainmarket.com,Genderfluid,2023-01-09
234,Ulrikaumeko,Danielut,udanielut6h@wisc.edu,Female,2023-01-20
235,Marjorie,Tiffany,mtiffany6i@sakura.ne.jp,Female,2017-05-23
236,Elwira,Thorburn,ethorburn6j@g.co,Female,2020-10-27
237,Towny,Carbery,tcarbery6k@wiley.com,Male,2017-01-23
238,Austina,Lorek,alorek6l@ezinearticles.com,Female,2016-08-09
239,Wendye,Preon,wpreon6m@exblog.jp,Female,2022-06-07
240,Sherlock,Tue,stue6n@alexa.com,Male,2022-12-11
241,Ludwig,Sheriff,lsheriff6o@myspace.com,Male,2022-11-05
242,Broddie,Mobberley,bmobberley6p@reverbnation.com,Male,2023-05-03
243,Spencer,Raft,sraft6q@unblog.fr,Male,2016-01-26
244,Giacomo,Weaving,gweaving6r@goo.gl,Male,2017-09-19
245,Mead,Rault,mrault6s@cornell.edu,Male,2016-11-05
246,Ofella,Phayre,ophayre6t@nba.com,Female,2017-06-30
247,Kinnie,Joysey,kjoysey6u@sfgate.com,Male,2017-11-25
248,Collen,Leavry,cleavry6v@etsy.com,Female,2022-05-28
249,Shurwood,Peschmann,speschmann6w@lycos.com,Male,2022-08-12
250,Keslie,Arthars,karthars6x@who.int,Female,2016-10-29
251,Sashenka,Dimond,sdimond6y@statcounter.com,Female,2017-06-13
252,Val,Flynn,vflynn6z@de.vu,Male,2020-05-11
253,Prisca,McDuffy,pmcduffy70@epa.gov,Female,2018-08-10
254,Binnie,Gajownik,bgajownik71@delicious.com,Female,2017-12-01
255,Aprilette,MacMaykin,amacmaykin72@free.fr,Female,2019-04-17
256,Bernita,Tiler,btiler73@ca.gov,Female,2020-03-10
257,Waylan,MacCallum,wmaccallum74@bbc.co.uk,Male,2022-01-20
258,Carey,Daniels,cdaniels75@netscape.com,Male,2021-11-24
259,Basile,Balmadier,bbalmadier76@dmoz.org,Male,2023-05-09
260,Melitta,MacRanald,mmacranald77@ucsd.edu,Female,2020-02-10
261,Hyacinthie,Shrubshall,hshrubshall78@twitpic.com,Female,2023-07-06
262,Tanitansy,Mizzi,tmizzi79@forbes.com,Female,2016-02-11
263,Syman,Stebbings,sstebbings7a@goodreads.com,Male,2016-10-27
264,Jordain,Ginnell,jginnell7b@moonfruit.com,Female,2020-07-14
265,Val,Trever,vtrever7c@google.pl,Polygender,2019-05-29
266,Arabele,Grafton-Herbert,agraftonherbert7d@elegantthemes.com,Female,2022-03-12
267,Cornelius,Holbarrow,cholbarrow7e@elpais.com,Male,2021-07-27
268,Shandy,Dowrey,sdowrey7f@theguardian.com,Female,2017-08-09
269,Rudolf,Warlowe,rwarlowe7g@phpbb.com,Genderqueer,2015-12-14
270,Ezekiel,Lodge,elodge7h@nymag.com,Male,2023-02-17
271,Gail,Blacklock,gblacklock7i@harvard.edu,Male,2017-04-30
272,Hyacinthe,Letteresse,hletteresse7j@g.co,Bigender,2020-03-22
273,Hilliary,Potticary,hpotticary7k@list-manage.com,Female,2021-07-25
274,Priscilla,McCoveney,pmccoveney7l@diigo.com,Female,2021-06-16
275,Maynord,Cambridge,mcambridge7m@shop-pro.jp,Male,2019-05-21
276,Piotr,Prier,pprier7n@163.com,Male,2023-05-14
277,Ruthy,Cowderoy,rcowderoy7o@yahoo.com,Female,2016-04-23
278,June,Andre,jandre7p@goo.ne.jp,Agender,2018-04-17
279,Robb,Ollarenshaw,rollarenshaw7q@myspace.com,Male,2021-01-12
280,Eldridge,Brinkler,ebrinkler7r@census.gov,Male,2022-06-04
281,Krishnah,Eagell,keagell7s@123-reg.co.uk,Male,2023-01-21
282,Mel,Dunnett,mdunnett7t@bandcamp.com,Female,2020-05-29
283,Jerrold,Durrell,jdurrell7u@jalbum.net,Male,2018-06-27
284,Keary,Engall,kengall7v@ted.com,Male,2016-04-17
285,Celine,Hopkynson,chopkynson7w@rambler.ru,Female,2015-12-03
286,Ellerey,Robson,erobson7x@hao123.com,Male,2018-01-24
287,Thorny,Pharaoh,tpharaoh7y@xinhuanet.com,Male,2021-07-07
288,Teodoor,de Chastelain,tdechastelain7z@va.gov,Male,2019-11-03
289,Alvina,Lipmann,alipmann80@nps.gov,Agender,2023-06-25
290,Maxi,Gisby,mgisby81@forbes.com,Female,2022-06-20
291,Luelle,Fludder,lfludder82@fotki.com,Agender,2017-03-19
292,Barris,Cahill,bcahill83@army.mil,Genderqueer,2020-03-25
293,Ginni,Gookes,ggookes84@symantec.com,Genderqueer,2017-07-22
294,Way,Kelloway,wkelloway85@upenn.edu,Male,2020-05-26
295,Emmalynne,Mapplethorpe,emapplethorpe86@bizjournals.com,Female,2017-02-22
296,Barbie,Goldthorpe,bgoldthorpe87@a8.net,Female,2016-05-20
297,Talyah,Hatfield,thatfield88@freewebs.com,Female,2017-05-30
298,Darlleen,Thonason,dthonason89@photobucket.com,Female,2022-04-20
299,Alie,Merck,amerck8a@discovery.com,Non-binary,2021-04-29
300,Karia,Overil,koveril8b@auda.org.au,Female,2016-01-07
301,Bertina,Shapland,bshapland8c@g.co,Female,2018-10-01
302,Thane,Batterham,tbatterham8d@dmoz.org,Male,2018-05-21
303,Loren,Pollard,lpollard8e@amazonaws.com,Male,2021-11-11
304,Guillaume,Philbrook,gphilbrook8f@bbc.co.uk,Male,2017-02-12
305,Kirby,Bronot,kbronot8g@hibu.com,Male,2019-08-05
306,Hillery,Hamson,hhamson8h@apple.com,Male,2018-07-14
307,Bernadene,Pammenter,bpammenter8i@wisc.edu,Female,2022-02-14
308,Nettle,Thow,nthow8j@usda.gov,Female,2018-08-25
309,Daniele,Bish,dbish8k@gov.uk,Female,2019-06-08
310,Kendre,Ladon,kladon8l@cbsnews.com,Female,2018-01-15
311,Gallard,Aiers,gaiers8m@blogs.com,Male,2016-02-16
312,Cathee,Garza,cgarza8n@blog.com,Female,2019-12-02
313,Kristo,Bentick,kbentick8o@amazon.co.uk,Male,2022-11-22
314,Bartel,Trubshawe,btrubshawe8p@who.int,Male,2017-02-20
315,Rebbecca,Grinval,rgrinval8q@indiegogo.com,Female,2021-02-28
316,Harwilll,Cheltnam,hcheltnam8r@wikimedia.org,Male,2023-01-26
317,Robina,Holbie,rholbie8s@ycombinator.com,Female,2022-10-06
318,Rosalyn,Elms,relms8t@privacy.gov.au,Genderfluid,2022-03-07
319,Trula,Felce,tfelce8u@google.co.jp,Agender,2020-10-05
320,Cassaundra,Rickson,crickson8v@hc360.com,Female,2020-08-21
321,Magdaia,Weld,mweld8w@edublogs.org,Female,2021-03-23
322,Theo,Yukhnov,tyukhnov8x@netvibes.com,Male,2022-01-29
323,Allis,Gebb,agebb8y@sciencedirect.com,Female,2023-05-05
324,Adler,Galer,agaler8z@yelp.com,Male,2020-07-15
325,Querida,Rannells,qrannells90@cnet.com,Genderqueer,2022-04-27
326,Mindy,Camelia,mcamelia91@gravatar.com,Female,2021-12-02
327,Wylie,Sprigging,wsprigging92@weibo.com,Male,2023-07-05
328,Christalle,Marien,cmarien93@live.com,Female,2016-12-06
329,Moe,Woolvett,mwoolvett94@cbsnews.com,Male,2022-05-27
330,Brock,Bygrove,bbygrove95@bloglovin.com,Male,2017-10-20
331,Dimitry,Mathouse,dmathouse96@usgs.gov,Male,2020-12-16
332,Zacharia,Scahill,zscahill97@utexas.edu,Male,2016-02-20
333,Darrelle,Crossfield,dcrossfield98@tiny.cc,Female,2022-09-28
334,Mitchell,Hovee,mhovee99@xrea.com,Male,2020-01-21
335,Em,Collecott,ecollecott9a@google.it,Male,2022-01-24
336,Cello,Hulett,chulett9b@lycos.com,Male,2016-01-14
337,Natty,Pieche,npieche9c@taobao.com,Male,2022-09-08
338,Vaughn,Button,vbutton9d@elegantthemes.com,Male,2017-07-09
339,Reinhold,Barthrup,rbarthrup9e@mapy.cz,Male,2016-09-29
340,Lee,Seagar,lseagar9f@dmoz.org,Male,2018-06-14
341,Lari,Wiltshire,lwiltshire9g@youtube.com,Female,2021-02-21
342,Farleigh,Hargreves,fhargreves9h@sfgate.com,Non-binary,2019-06-10
343,Sandye,Capelin,scapelin9i@studiopress.com,Female,2021-06-12
344,Aile,Gerkens,agerkens9j@hud.gov,Female,2018-09-02
345,Kessia,Ca,kca9k@smh.com.au,Bigender,2017-05-30
346,Zebedee,Josilowski,zjosilowski9l@last.fm,Male,2020-02-04
347,Astrid,Duro,aduro9m@army.mil,Female,2016-12-12
348,Arline,Vinden,avinden9n@redcross.org,Female,2020-06-20
349,Abran,Kelshaw,akelshaw9o@paypal.com,Male,2020-09-12
350,Leodora,Ticic,lticic9p@yale.edu,Female,2017-07-22
351,Dallon,Ferrarello,dferrarello9q@amazon.co.uk,Male,2022-06-30
352,Gardner,Dammarell,gdammarell9r@nasa.gov,Male,2019-10-28
353,Rayshell,Treverton,rtreverton9s@latimes.com,Female,2016-12-21
354,Prudy,Dally,pdally9t@qq.com,Female,2018-03-01
355,Codee,Winborn,cwinborn9u@gmpg.org,Female,2020-10-25
356,Adrien,Naisbit,anaisbit9v@canalblog.com,Male,2017-05-11
357,Porty,Gater,pgater9w@msu.edu,Male,2021-04-24
358,Martie,Defond,mdefond9x@unicef.org,Female,2022-05-23
359,Avigdor,Trevan,atrevan9y@google.co.uk,Agender,2017-12-11
360,Stoddard,Bagott,sbagott9z@jalbum.net,Female,2022-11-28
361,Antoine,Cavozzi,acavozzia0@blinklist.com,Male,2021-06-20
362,Remy,Papps,rpappsa1@mediafire.com,Female,2021-05-12
363,Jessalyn,Cullabine,jcullabinea2@prnewswire.com,Female,2022-07-11
364,Shelia,Spivie,sspiviea3@typepad.com,Female,2023-06-11
365,Rollin,Gumley,rgumleya4@google.it,Male,2019-12-24
366,Rosita,Burrass,rburrassa5@sohu.com,Female,2022-02-06
367,Conn,Henriquet,chenriqueta6@cnn.com,Male,2019-02-14
368,Kris,Mammatt,kmammatta7@amazon.com,Bigender,2021-09-10
369,Alfy,Ballance,aballancea8@ebay.co.uk,Female,2018-10-26
370,Dorthy,Woodcraft,dwoodcrafta9@sphinn.com,Female,2017-10-10
371,Dulcy,Lennie,dlennieaa@unicef.org,Female,2017-12-14
372,Gray,Judge,gjudgeab@uol.com.br,Female,2019-12-29
373,Hewie,Tures,hturesac@chicagotribune.com,Male,2023-05-08
374,Vanda,Dauney,vdauneyad@amazon.co.jp,Female,2020-03-21
375,Tate,Degoix,tdegoixae@chron.com,Male,2023-01-26
376,Albert,Antonacci,aantonacciaf@bluehost.com,Male,2017-08-08
377,Gabie,Plesing,gplesingag@ox.ac.uk,Male,2020-02-10
378,Carlye,Thomlinson,cthomlinsonah@fastcompany.com,Polygender,2017-09-26
379,Eba,Goulder,egoulderai@dell.com,Female,2019-10-05
380,Geraldine,Doldon,gdoldonaj@tuttocitta.it,Female,2020-03-24
381,Laurence,Keerl,lkeerlak@mtv.com,Male,2019-12-11
382,Griffith,Kenewel,gkenewelal@smh.com.au,Male,2021-02-14
383,Dionysus,Littleproud,dlittleproudam@t.co,Male,2018-10-19
384,Elissa,Francklin,efrancklinan@xrea.com,Female,2019-03-16
385,Tomaso,Enser,tenserao@gizmodo.com,Male,2017-04-20
386,Kelley,Cuppitt,kcuppittap@facebook.com,Female,2019-04-08
387,Andreas,Gallardo,agallardoaq@flavors.me,Male,2019-08-27
388,Debera,Lossman,dlossmanar@wisc.edu,Female,2021-05-14
389,Stace,Shimwall,sshimwallas@hubpages.com,Female,2022-04-18
390,Lula,Andrzej,landrzejat@i2i.jp,Agender,2022-11-23
391,Tallie,Dwight,tdwightau@un.org,Male,2017-01-29
392,Daveen,Magovern,dmagovernav@storify.com,Female,2018-10-01
393,Eddy,Goulstone,egoulstoneaw@disqus.com,Non-binary,2021-04-29
394,Shane,Spick,sspickax@usa.gov,Male,2015-12-19
395,Smitty,Chastang,schastangay@acquirethisname.com,Male,2017-02-01
396,Park,Haspineall,phaspineallaz@amazon.de,Male,2018-02-05
397,Michaelina,Kimmince,mkimminceb0@japanpost.jp,Female,2021-12-01
398,Maible,Paradise,mparadiseb1@va.gov,Female,2019-11-26
399,Bunnie,Yokel,byokelb2@nba.com,Female,2019-09-01
400,Jorge,Turnell,jturnellb3@cbc.ca,Male,2018-06-04
401,Stacee,Kiebes,skiebesb4@wsj.com,Male,2017-05-04
402,Vania,Brosius,vbrosiusb5@csmonitor.com,Female,2022-07-26
403,Matty,Senn,msennb6@amazon.com,Female,2018-07-15
404,Cherey,Jura,cjurab7@sun.com,Female,2019-03-31
405,Quincey,Stoltz,qstoltzb8@arizona.edu,Non-binary,2016-10-27
406,Nigel,Moysey,nmoyseyb9@mediafire.com,Male,2017-05-14
407,Tabbitha,Leamon,tleamonba@twitpic.com,Polygender,2022-09-22
408,Ana,Pardy,apardybb@smh.com.au,Female,2018-02-11
409,Stanislaw,Ould,souldbc@booking.com,Male,2020-11-25
410,Kissie,Winterborne,kwinterbornebd@techcrunch.com,Female,2019-02-06
411,Corbin,Grayer,cgrayerbe@si.edu,Male,2022-01-21
412,Phebe,Todaro,ptodarobf@gravatar.com,Agender,2019-11-07
413,Cecilia,Peartree,cpeartreebg@flavors.me,Female,2019-02-09
414,Sella,Grinvalds,sgrinvaldsbh@phoca.cz,Female,2019-05-17
415,Lee,Mathet,lmathetbi@china.com.cn,Female,2016-09-27
416,Levon,Mathou,lmathoubj@gov.uk,Male,2016-08-01
417,Joice,Radbourne,jradbournebk@mozilla.org,Female,2020-01-04
418,Esteban,Commings,ecommingsbl@cloudflare.com,Male,2016-05-10
419,Stevie,Klaffs,sklaffsbm@arizona.edu,Male,2019-06-15
420,Hans,Bartalin,hbartalinbn@multiply.com,Male,2018-07-07
421,Dalt,Adderley,dadderleybo@noaa.gov,Male,2019-03-14
422,Bebe,Hew,bhewbp@fastcompany.com,Female,2020-08-02
423,Banky,Dirkin,bdirkinbq@sciencedaily.com,Male,2019-01-04
424,Ring,Hadfield,rhadfieldbr@aboutads.info,Male,2016-11-04
425,Janina,Davidovsky,jdavidovskybs@amazon.co.jp,Female,2021-05-15
426,Diego,Bowne,dbownebt@google.co.uk,Male,2021-04-12
427,Nelli,Bernholt,nbernholtbu@domainmarket.com,Female,2021-12-23
428,Allyn,Edridge,aedridgebv@cnbc.com,Female,2022-02-27
429,Shepherd,Nunnery,snunnerybw@weebly.com,Male,2019-02-26
430,Antony,Langley,alangleybx@github.io,Male,2020-09-12
431,Missy,Aymerich,maymerichby@barnesandnoble.com,Female,2016-01-03
432,Ann-marie,Costa,acostabz@nationalgeographic.com,Female,2019-08-24
433,Gaylor,Quade,gquadec0@spiegel.de,Male,2020-03-24
434,Ange,Walls,awallsc1@youku.com,Male,2018-09-04
435,Rollo,Bice,rbicec2@cbslocal.com,Male,2022-04-27
436,Alva,Crowley,acrowleyc3@mashable.com,Male,2016-12-14
437,Linoel,Farfalameev,lfarfalameevc4@nydailynews.com,Male,2022-01-26
438,Thom,Bruhke,tbruhkec5@who.int,Non-binary,2022-06-09
439,Monty,Brandoni,mbrandonic6@blogtalkradio.com,Male,2017-09-21
440,Kin,McCloughlin,kmccloughlinc7@boston.com,Male,2021-12-10
441,Granger,Dislee,gdisleec8@senate.gov,Male,2017-02-19
442,Giffer,Grinham,ggrinhamc9@edublogs.org,Male,2018-10-05
443,Michele,Cookman,mcookmanca@cisco.com,Female,2020-10-25
444,Damien,Baribal,dbaribalcb@howstuffworks.com,Male,2023-07-02
445,Cal,Ballendine,cballendinecc@vimeo.com,Genderfluid,2018-10-28
446,Jandy,Younger,jyoungercd@gmpg.org,Female,2016-08-05
447,Andrea,Eckery,aeckeryce@w3.org,Bigender,2017-03-07
448,Annnora,Mannering,amanneringcf@ezinearticles.com,Female,2019-03-29
449,Gratia,Pointon,gpointoncg@chronoengine.com,Female,2017-05-31
450,Tomasina,Lisamore,tlisamorech@slashdot.org,Female,2020-12-12
451,Cheston,Marunchak,cmarunchakci@wordpress.com,Male,2019-02-08
452,Herschel,Broggelli,hbroggellicj@nytimes.com,Male,2021-12-03
453,Chancey,Phethean,cphetheanck@ameblo.jp,Male,2017-06-20
454,Gustavus,Dyball,gdyballcl@google.com.br,Male,2018-10-08
455,Harwilll,Ruffli,hrufflicm@so-net.ne.jp,Non-binary,2018-12-20
456,Lorrie,Van den Dael,lvandendaelcn@gmpg.org,Female,2015-12-15
457,Kent,Dannatt,kdannattco@aol.com,Male,2019-06-16
458,Mal,Tuminini,mtumininicp@hugedomains.com,Agender,2018-12-09
459,Iain,De Giorgis,idegiorgiscq@cnbc.com,Male,2021-01-19
460,Dre,Kyffin,dkyffincr@ted.com,Female,2019-05-13
461,Harley,Sparks,hsparkscs@nsw.gov.au,Bigender,2018-10-15
462,Glenn,Stollberger,gstollbergerct@cbsnews.com,Male,2017-05-06
463,Leon,Braundt,lbraundtcu@eventbrite.com,Male,2018-10-03
464,Pauli,Deery,pdeerycv@drupal.org,Bigender,2019-03-15
465,Yovonnda,Vokins,yvokinscw@patch.com,Female,2018-10-07
466,Othilia,Pittford,opittfordcx@uiuc.edu,Female,2018-09-12
467,Kaycee,McCloughlin,kmccloughlincy@adobe.com,Female,2021-02-26
468,Merralee,Alabaster,malabastercz@pen.io,Female,2021-08-04
469,Ebony,Earey,eeareyd0@irs.gov,Female,2018-04-02
470,Silva,Newall,snewalld1@jimdo.com,Female,2020-01-31
471,Pietrek,Lemmertz,plemmertzd2@latimes.com,Male,2020-10-16
472,Elisa,Bolstridge,ebolstridged3@prweb.com,Female,2016-07-02
473,Rosette,Eggins,regginsd4@smugmug.com,Non-binary,2022-01-07
474,Lambert,Mill,lmilld5@amazon.com,Male,2020-06-24
475,Cameron,Lodford,clodfordd6@bizjournals.com,Agender,2016-07-24
476,Erma,Skipperbottom,eskipperbottomd7@storify.com,Genderqueer,2020-02-19
477,Arabela,Triggel,atriggeld8@wikispaces.com,Female,2016-04-08
478,Harriott,Houseley,hhouseleyd9@linkedin.com,Female,2016-11-26
479,Agnesse,Trime,atrimeda@java.com,Female,2023-04-01
480,Nefen,Gerram,ngerramdb@smh.com.au,Male,2016-10-09
481,Yale,Thyng,ythyngdc@dmoz.org,Male,2020-12-31
482,Kincaid,Daintry,kdaintrydd@hao123.com,Male,2021-06-12
483,Anni,Haymes,ahaymesde@webmd.com,Female,2018-07-25
484,Noe,Cobbin,ncobbindf@macromedia.com,Male,2016-12-06
485,Murvyn,Jancar,mjancardg@cafepress.com,Male,2020-07-07
486,Wakefield,Antognozzii,wantognozziidh@creativecommons.org,Male,2016-04-27
487,Colet,Buard,cbuarddi@sbwire.com,Male,2017-01-31
488,Patin,Selburn,pselburndj@woothemes.com,Male,2016-09-08
489,Eleonore,Cock,ecockdk@chron.com,Female,2017-03-24
490,Loree,Whittle,lwhittledl@aboutads.info,Female,2015-12-23
491,Ginger,Benadette,gbenadettedm@unesco.org,Female,2018-04-20
492,Lenore,Locker,llockerdn@soup.io,Female,2020-05-15
493,Rubia,Montacute,rmontacutedo@marketwatch.com,Female,2017-06-22
494,Elka,Waring,ewaringdp@parallels.com,Female,2022-03-27
495,Umberto,Castagno,ucastagnodq@theguardian.com,Non-binary,2017-06-26
496,Dannel,Watchorn,dwatchorndr@symantec.com,Genderfluid,2020-12-25
497,Addie,Hartlebury,ahartleburyds@liveinternet.ru,Female,2019-12-16
498,Deva,Kalkofen,dkalkofendt@xing.com,Female,2022-02-21
499,Marlin,Gray,mgraydu@theglobeandmail.com,Male,2021-01-03
500,Roby,Hakking,rhakkingdv@freewebs.com,Female,2023-02-04
501,Kennith,Vannini,kvanninidw@typepad.com,Genderqueer,2017-12-15
502,Katalin,Gaudin,kgaudindx@eepurl.com,Female,2023-01-31
503,Benedick,Rosgen,brosgendy@slate.com,Male,2020-08-26
504,Cissy,Ellaman,cellamandz@soup.io,Female,2019-04-12
505,Jase,Challoner,jchallonere0@columbia.edu,Male,2022-02-17
506,Wyndham,Wrankling,wwranklinge1@quantcast.com,Male,2017-05-07
507,Dacia,Evins,devinse2@pagesperso-orange.fr,Female,2018-09-06
508,Tracie,Gaffon,tgaffone3@army.mil,Female,2017-11-04
509,Francine,Merner,fmernere4@ustream.tv,Female,2018-10-20
510,Dodi,Vinck,dvincke5@si.edu,Female,2022-08-24
511,Gale,Badwick,gbadwicke6@1und1.de,Female,2017-03-11
512,Ephrem,Conneely,econneelye7@privacy.gov.au,Male,2020-06-23
513,Kettie,Tissell,ktisselle8@yolasite.com,Female,2021-07-28
514,Stefan,Osinin,sosinine9@squidoo.com,Male,2021-12-29
515,Jorey,Orans,joransea@creativecommons.org,Female,2021-03-03
516,Care,Bowater,cbowatereb@barnesandnoble.com,Male,2022-03-18
517,Damon,Batram,dbatramec@jigsy.com,Male,2019-08-30
518,Yale,Dever,ydevered@comsenz.com,Male,2023-03-16
519,Evangelin,Cona,econaee@cbc.ca,Female,2020-10-26
520,Chlo,Yakushkev,cyakushkevef@forbes.com,Female,2020-09-03
521,Friedrick,Ashurst,fashursteg@scribd.com,Male,2016-11-05
522,Damian,Moniker,dmonikereh@cnn.com,Agender,2021-07-19
523,Ariela,Kid,akidei@meetup.com,Female,2020-04-07
524,Yvor,Richarson,yricharsonej@dropbox.com,Male,2018-08-25
525,Ferguson,McCollum,fmccollumek@indiegogo.com,Male,2021-01-09
526,Filide,Bunney,fbunneyel@squidoo.com,Female,2016-09-19
527,Tommie,McGillacoell,tmcgillacoellem@about.me,Female,2020-06-18
528,Travis,Killiam,tkilliamen@about.me,Male,2019-05-11
529,Orelie,Slatford,oslatfordeo@artisteer.com,Female,2018-10-25
530,Urbain,Scoular,uscoularep@moonfruit.com,Male,2021-08-04
531,Geno,Lamyman,glamymaneq@photobucket.com,Male,2018-12-25
532,Elie,Lehrer,elehrerer@squarespace.com,Female,2017-03-16
533,Marlow,Ciccetti,mciccetties@google.ru,Male,2022-02-01
534,Taddeusz,Burchett,tburchettet@ocn.ne.jp,Male,2021-12-25
535,Elenore,Spraberry,espraberryeu@rediff.com,Female,2017-08-12
536,Jayson,Olfert,jolfertev@mozilla.com,Genderqueer,2020-03-15
537,Marieann,Machin,mmachinew@flavors.me,Female,2017-12-10
538,Julianna,Alven,jalvenex@independent.co.uk,Female,2016-08-18
539,Trip,Colafate,tcolafateey@lycos.com,Male,2017-02-24
540,Howie,McCandie,hmccandieez@answers.com,Male,2020-09-25
541,Franciska,Buttrum,fbuttrumf0@mit.edu,Female,2019-11-26
542,Laurella,Lowdiane,llowdianef1@ucsd.edu,Female,2016-10-07
543,Guilbert,Matthewman,gmatthewmanf2@sina.com.cn,Male,2018-06-11
544,Lonna,Deesly,ldeeslyf3@kickstarter.com,Female,2018-03-11
545,Glory,Benardeau,gbenardeauf4@vistaprint.com,Female,2019-03-08
546,Norean,Bumpass,nbumpassf5@dropbox.com,Female,2018-01-27
547,Terrijo,Robjents,trobjentsf6@example.com,Female,2022-08-25
548,Etty,Muldownie,emuldownief7@unesco.org,Female,2021-03-21
549,Julianne,Thicking,jthickingf8@wisc.edu,Female,2023-03-23
550,Stella,Purtell,spurtellf9@cdc.gov,Female,2019-07-29
551,Eugene,Dawtry,edawtryfa@usgs.gov,Male,2019-05-03
552,Davita,Lanahan,dlanahanfb@about.me,Female,2023-05-04
553,Steffen,Fleeming,sfleemingfc@hatena.ne.jp,Male,2022-09-05
554,Darren,Tabor,dtaborfd@jalbum.net,Male,2021-11-16
555,Sebastien,Martinson,smartinsonfe@paginegialle.it,Male,2022-08-05
556,Gilbertina,Dunridge,gdunridgeff@over-blog.com,Female,2022-12-13
557,Robert,Goford,rgofordfg@infoseek.co.jp,Male,2020-11-25
558,Fielding,Kornel,fkornelfh@digg.com,Male,2021-08-25
559,Rickert,Eastgate,reastgatefi@ft.com,Male,2018-09-23
560,Baron,Pierrepoint,bpierrepointfj@dailymail.co.uk,Bigender,2019-05-19
561,Allister,Dohms,adohmsfk@gov.uk,Male,2022-11-19
562,Derward,Hendrick,dhendrickfl@npr.org,Male,2019-11-14
563,Licha,Frowde,lfrowdefm@ucoz.com,Female,2017-04-10
564,Alphard,Molineux,amolineuxfn@ft.com,Non-binary,2023-02-13
565,Crichton,Ivantsov,civantsovfo@squarespace.com,Male,2018-03-28
566,Mahmoud,Astles,mastlesfp@wix.com,Male,2022-11-09
567,Alphard,Marriot,amarriotfq@go.com,Male,2021-11-03
568,Shena,Rudsdale,srudsdalefr@sourceforge.net,Female,2016-06-25
569,Des,Robard,drobardfs@etsy.com,Male,2018-06-26
570,Perceval,Sellstrom,psellstromft@npr.org,Male,2023-04-01
571,Georgeanna,Hallin,ghallinfu@msn.com,Female,2019-03-21
572,Susanne,Gibbs,sgibbsfv@miibeian.gov.cn,Genderqueer,2016-07-14
573,Percival,Emmanuele,pemmanuelefw@marriott.com,Male,2020-02-20
574,Mendy,Roby,mrobyfx@chronoengine.com,Male,2017-11-14
575,Kerwin,Scorey,kscoreyfy@mtv.com,Male,2020-10-19
576,Fremont,Blakeden,fblakedenfz@i2i.jp,Male,2019-04-05
577,Harry,Beacroft,hbeacroftg0@discuz.net,Male,2020-12-29
578,Betti,Cromar,bcromarg1@bbb.org,Female,2021-04-07
579,Ringo,Felkin,rfelking2@alibaba.com,Male,2021-03-27
580,Jacqueline,Gofforth,jgofforthg3@360.cn,Female,2020-07-29
581,Lonee,Schoenleiter,lschoenleiterg4@issuu.com,Female,2017-01-18
582,Ermanno,Brickham,ebrickhamg5@yolasite.com,Male,2019-04-03
583,Chantal,Spadoni,cspadonig6@canalblog.com,Female,2018-08-28
584,Kerrin,Rubin,krubing7@technorati.com,Female,2016-09-25
585,Rickie,Dysert,rdysertg8@1und1.de,Male,2023-06-13
586,Lark,Dan,ldang9@marriott.com,Female,2019-12-18
587,Jo,Kears,jkearsga@livejournal.com,Male,2022-06-05
588,Daron,Locard,dlocardgb@home.pl,Female,2021-08-30
589,Tove,Pancast,tpancastgc@apple.com,Genderqueer,2017-05-04
590,Venus,Brugmann,vbrugmanngd@pinterest.com,Female,2020-11-28
591,Katrina,Kennermann,kkennermannge@trellian.com,Female,2020-05-25
592,Valina,McPike,vmcpikegf@edublogs.org,Female,2020-02-11
593,Torin,Gyford,tgyfordgg@latimes.com,Male,2016-03-09
594,Brandise,Geoghegan,bgeoghegangh@jimdo.com,Female,2018-06-17
595,Brannon,Anderton,bandertongi@i2i.jp,Male,2022-11-20
596,Adelheid,Launder,alaundergj@goo.gl,Agender,2019-04-15
597,Malina,Hartly,mhartlygk@ft.com,Female,2017-08-27
598,Janet,Wimpenny,jwimpennygl@dyndns.org,Female,2023-03-17
599,Miller,Olney,molneygm@google.pl,Male,2019-04-19
600,Anthia,Spurway,aspurwaygn@163.com,Polygender,2018-07-06
601,Juliana,Bayston,jbaystongo@walmart.com,Female,2021-09-14
602,Phillip,Colt,pcoltgp@sakura.ne.jp,Male,2017-12-20
603,Marjie,Wadly,mwadlygq@woothemes.com,Female,2017-04-15
604,Helaine,Kefford,hkeffordgr@wufoo.com,Female,2021-03-04
605,Tootsie,Boyat,tboyatgs@storify.com,Female,2023-03-09
606,Eugene,Mathelon,emathelongt@reddit.com,Male,2016-11-14
607,Bordie,Shirt,bshirtgu@thetimes.co.uk,Male,2017-11-21
608,Bartholemy,Burling,bburlinggv@discuz.net,Male,2015-11-25
609,Mark,Stonard,mstonardgw@unicef.org,Male,2021-10-04
610,Skyler,Cowthard,scowthardgx@themeforest.net,Male,2016-07-19
611,Ax,De la Barre,adelabarregy@marketwatch.com,Male,2020-04-24
612,Tamiko,Kingscote,tkingscotegz@1688.com,Female,2021-02-26
613,Krissie,Alfonsetti,kalfonsettih0@angelfire.com,Female,2019-09-20
614,Odele,Hattiff,ohattiffh1@delicious.com,Female,2020-09-29
615,Consuela,MacKibbon,cmackibbonh2@archive.org,Female,2022-01-31
616,Cariotta,Weare,cweareh3@alexa.com,Female,2023-06-19
617,Germana,St. Ledger,gstledgerh4@prnewswire.com,Female,2017-02-28
618,Boniface,Illem,billemh5@berkeley.edu,Male,2022-11-05
619,Tomaso,Mocker,tmockerh6@purevolume.com,Male,2018-11-03
620,Marya,Overstone,moverstoneh7@cocolog-nifty.com,Female,2018-03-03
621,Veradis,Retallack,vretallackh8@usgs.gov,Female,2018-12-25
622,Archie,Hubberstey,ahubbersteyh9@ca.gov,Male,2018-05-29
623,Saleem,Cosley,scosleyha@chron.com,Male,2016-07-29
624,Christoffer,Pitcock,cpitcockhb@google.com.hk,Male,2016-07-11
625,Dorree,McLauchlin,dmclauchlinhc@creativecommons.org,Female,2020-11-08
626,Colin,Balsellie,cbalselliehd@latimes.com,Male,2022-11-30
627,Mendie,Mulcaster,mmulcasterhe@photobucket.com,Male,2023-06-30
628,Morris,Ceyssen,mceyssenhf@earthlink.net,Male,2016-08-20
629,Gaston,Guitt,gguitthg@webeden.co.uk,Male,2021-04-20
630,Skelly,Battie,sbattiehh@businessinsider.com,Male,2015-11-23
631,Marcellina,Girone,mgironehi@elegantthemes.com,Genderqueer,2021-07-07
632,Fergus,Bosquet,fbosquethj@creativecommons.org,Male,2018-01-28
633,Corri,Olliffe,colliffehk@hud.gov,Female,2016-09-15
634,Carlin,Stanton,cstantonhl@example.com,Male,2016-11-29
635,Margeaux,Poyner,mpoynerhm@linkedin.com,Female,2019-10-19
636,Jackie,Hauxley,jhauxleyhn@msu.edu,Female,2019-03-17
637,Bertine,Rosenfarb,brosenfarbho@about.me,Female,2022-05-23
638,Georgena,Wilber,gwilberhp@businessweek.com,Female,2019-06-14
639,Fonsie,Alejandre,falejandrehq@ed.gov,Genderqueer,2023-05-01
640,Husain,Edgell,hedgellhr@fc2.com,Male,2019-02-12
641,Susi,Donhardt,sdonhardths@marketwatch.com,Female,2015-12-08
642,Andy,Livick,alivickht@about.com,Male,2019-11-30
643,Anabal,Doubleday,adoubledayhu@cisco.com,Female,2017-12-21
644,Artemus,Baltzar,abaltzarhv@guardian.co.uk,Male,2015-12-13
645,Jillayne,Bowich,jbowichhw@nsw.gov.au,Non-binary,2018-09-11
646,Rhianna,Taylorson,rtaylorsonhx@twitter.com,Female,2017-07-18
647,Ancell,Masham,amashamhy@hc360.com,Male,2023-01-08
648,Lind,Hehir,lhehirhz@nydailynews.com,Female,2019-12-04
649,Lurette,Sparey,lspareyi0@who.int,Female,2021-04-18
650,Janessa,Hursthouse,jhursthousei1@studiopress.com,Female,2021-05-10
651,Ham,Fotheringham,hfotheringhami2@princeton.edu,Male,2021-12-19
652,Bel,Gaspar,bgaspari3@oaic.gov.au,Female,2018-02-12
653,Zara,De Mitris,zdemitrisi4@mashable.com,Female,2018-02-05
654,Athene,Girardeau,agirardeaui5@mayoclinic.com,Female,2017-12-10
655,Aindrea,Crennan,acrennani6@mtv.com,Genderqueer,2018-08-20
656,Gisele,Sneath,gsneathi7@usnews.com,Female,2023-04-17
657,Thibaud,Doumerque,tdoumerquei8@1688.com,Male,2018-09-17
658,Ainsley,Lancashire,alancashirei9@unesco.org,Female,2023-04-09
659,Kassey,Officer,kofficeria@delicious.com,Female,2022-01-26
660,Morrie,Dominici,mdominiciib@yolasite.com,Genderqueer,2018-03-07
661,Suzie,Penrose,spenroseic@bbb.org,Female,2020-10-20
662,Yehudi,Champniss,ychampnissid@reference.com,Male,2020-12-25
663,Deck,Boundy,dboundyie@flickr.com,Male,2021-01-03
664,Cyndy,Usher,cusherif@yale.edu,Female,2019-09-23
665,Chrissie,Barszczewski,cbarszczewskiig@webmd.com,Genderfluid,2021-02-07
666,Kendricks,Hodgin,khodginih@de.vu,Male,2020-06-05
667,Abey,Huntingdon,ahuntingdonii@yelp.com,Male,2017-10-06
668,Emile,Ebbotts,eebbottsij@techcrunch.com,Genderqueer,2016-12-07
669,Aundrea,Dearnly,adearnlyik@prweb.com,Female,2018-04-22
670,Ruthe,Freen,rfreenil@latimes.com,Female,2019-04-02
671,Hailey,Whettleton,hwhettletonim@google.fr,Male,2019-10-06
672,Viola,Vinten,vvintenin@house.gov,Female,2020-07-31
673,Giulio,De Maria,gdemariaio@mozilla.com,Male,2020-02-24
674,Merrili,Gainforth,mgainforthip@businessinsider.com,Female,2018-06-29
675,Donnajean,Pick,dpickiq@dailymail.co.uk,Female,2017-04-17
676,Cirilo,Rathbone,crathboneir@forbes.com,Genderfluid,2022-09-12
677,Bab,Brantzen,bbrantzenis@networksolutions.com,Female,2022-12-23
678,Patten,Bamell,pbamellit@cdbaby.com,Male,2019-02-22
679,Kenna,Stearns,kstearnsiu@seattletimes.com,Female,2022-01-23
680,Lottie,Grishankov,lgrishankoviv@oaic.gov.au,Agender,2018-08-19
681,Anica,Dabney,adabneyiw@usgs.gov,Agender,2022-02-08
682,Waldo,Dodworth,wdodworthix@macromedia.com,Male,2018-03-24
683,Leonid,Pettegree,lpettegreeiy@freewebs.com,Polygender,2020-09-03
684,Lynde,Trapp,ltrappiz@indiatimes.com,Female,2019-03-09
685,Wiatt,Srawley,wsrawleyj0@ft.com,Male,2019-07-17
686,Candice,Fawdery,cfawderyj1@cdbaby.com,Female,2021-11-09
687,Xena,Pemberton,xpembertonj2@studiopress.com,Female,2021-04-09
688,Mattias,Beardow,mbeardowj3@springer.com,Male,2016-08-14
689,Meghann,Paulou,mpaulouj4@google.co.uk,Female,2019-03-26
690,Nikolos,Camin,ncaminj5@businessweek.com,Male,2016-07-29
691,Hadleigh,Mellish,hmellishj6@cnbc.com,Male,2022-09-17
692,Allyn,Domelow,adomelowj7@sun.com,Male,2019-03-11
693,Sibyl,Cogan,scoganj8@state.gov,Male,2022-07-03
694,Starla,Scoffins,sscoffinsj9@alexa.com,Female,2019-09-17
695,Tito,Hrycek,thrycekja@cornell.edu,Male,2019-05-16
696,Bambie,Jellybrand,bjellybrandjb@topsy.com,Female,2022-02-16
697,Dorie,Barthrup,dbarthrupjc@shop-pro.jp,Male,2017-09-08
698,Kiah,Reah,kreahjd@twitter.com,Female,2020-01-21
699,Issi,Swait,iswaitje@ovh.net,Female,2022-07-06
700,Frederic,Giggs,fgiggsjf@cbslocal.com,Genderfluid,2017-04-01
701,Nolie,Saynor,nsaynorjg@mysql.com,Female,2017-05-02
702,Herb,Collcott,hcollcottjh@twitpic.com,Male,2018-03-13
703,Ericha,Lundy,elundyji@google.com.hk,Female,2022-01-28
704,Jobina,Layzell,jlayzelljj@flavors.me,Non-binary,2017-06-17
705,Teresina,Geering,tgeeringjk@wikispaces.com,Female,2017-04-30
706,Nettle,Kolakowski,nkolakowskijl@so-net.ne.jp,Female,2020-07-20
707,Jamie,Coles,jcolesjm@wunderground.com,Male,2020-07-16
708,Corey,Wildin,cwildinjn@51.la,Female,2016-06-09
709,Bern,Cutill,bcutilljo@naver.com,Male,2019-11-21
710,Etta,Lydall,elydalljp@dagondesign.com,Female,2021-12-28
711,Gena,Bartlomiej,gbartlomiejjq@unc.edu,Bigender,2017-03-23
712,Noll,Ruff,nruffjr@live.com,Male,2018-03-03
713,Che,Noddings,cnoddingsjs@reference.com,Male,2018-11-29
714,Sayres,Lomaz,slomazjt@indiegogo.com,Male,2019-01-11
715,Michale,Masarrat,mmasarratju@instagram.com,Polygender,2021-02-03
716,Jaclin,Kensit,jkensitjv@washington.edu,Female,2021-12-08
717,Sutton,Klaff,sklaffjw@delicious.com,Non-binary,2018-06-30
718,Foss,Shrubsall,fshrubsalljx@cisco.com,Male,2021-11-15
719,Sylvan,Tiltman,stiltmanjy@wufoo.com,Male,2021-09-12
720,Shirleen,Sayward,ssaywardjz@wordpress.com,Female,2016-12-29
721,Harris,Hunston,hhunstonk0@prweb.com,Male,2021-03-25
722,Georgia,Sparkwell,gsparkwellk1@kickstarter.com,Female,2019-09-24
723,Teodoro,Peel,tpeelk2@nydailynews.com,Male,2016-09-04
724,Ellie,Gordon,egordonk3@bravesites.com,Bigender,2021-12-20
725,Darryl,Pattie,dpattiek4@nih.gov,Male,2020-04-28
726,Berne,Myrtle,bmyrtlek5@tumblr.com,Male,2018-01-10
727,Peadar,MacDuffie,pmacduffiek6@skype.com,Male,2022-08-07
728,Margaretha,Stancliffe,mstancliffek7@cafepress.com,Agender,2020-02-26
729,Sherri,Yitzovitz,syitzovitzk8@flickr.com,Female,2021-05-02
730,Yehudi,Troubridge,ytroubridgek9@hhs.gov,Male,2017-03-17
731,Eddy,Fessby,efessbyka@simplemachines.org,Male,2020-06-30
732,Alister,McEllen,amcellenkb@youtube.com,Male,2019-08-08
733,Cyrillus,Dillingham,cdillinghamkc@hostgator.com,Male,2019-04-20
734,Marcos,Gotling,mgotlingkd@last.fm,Male,2019-08-13
735,Wit,Duckering,wduckeringke@about.me,Genderqueer,2019-08-30
736,Kristine,Longden,klongdenkf@cpanel.net,Female,2019-11-26
737,Moss,Adamou,madamoukg@delicious.com,Male,2018-04-04
738,Nil,Grigg,ngriggkh@liveinternet.ru,Male,2020-10-06
739,Diego,Gierardi,dgierardiki@walmart.com,Male,2017-02-28
740,Clyve,Leile,cleilekj@independent.co.uk,Male,2015-12-02
741,Reade,Cassley,rcassleykk@huffingtonpost.com,Male,2019-04-01
742,Artair,Lugsdin,alugsdinkl@scientificamerican.com,Male,2017-02-25
743,Bordy,Mourton,bmourtonkm@furl.net,Male,2018-12-18
744,Wilden,Spearman,wspearmankn@smh.com.au,Polygender,2018-11-30
745,Lamond,Easterby,leasterbyko@japanpost.jp,Male,2023-03-25
746,Keelby,Henrique,khenriquekp@tiny.cc,Male,2018-06-28
747,Rorke,Adamovicz,radamoviczkq@drupal.org,Male,2022-11-10
748,Hector,Butland,hbutlandkr@nih.gov,Male,2019-04-17
749,Romeo,Martusov,rmartusovks@reddit.com,Male,2018-02-24
750,Sallie,Shaefer,sshaeferkt@nasa.gov,Polygender,2017-12-21
751,Babbette,Oldland,boldlandku@fda.gov,Female,2017-11-21
752,Thedric,Bartosik,tbartosikkv@nbcnews.com,Male,2018-09-11
753,Curran,Grierson,cgriersonkw@com.com,Male,2021-05-26
754,Jdavie,Coulthart,jcoulthartkx@theguardian.com,Male,2015-11-26
755,Reade,Keoghane,rkeoghaneky@goo.ne.jp,Genderfluid,2022-08-31
756,Yancey,Biskup,ybiskupkz@over-blog.com,Male,2018-03-18
757,Austina,Bramley,abramleyl0@icq.com,Female,2022-10-18
758,Elaine,McKeaveney,emckeaveneyl1@t-online.de,Female,2021-06-28
759,Slade,Glazyer,sglazyerl2@cargocollective.com,Male,2018-08-25
760,Theodora,Minker,tminkerl3@alibaba.com,Female,2019-07-13
761,Gonzalo,Yearnes,gyearnesl4@vistaprint.com,Male,2019-05-05
762,Thacher,Hanrahan,thanrahanl5@marketwatch.com,Male,2022-04-02
763,Pavel,Madelin,pmadelinl6@squarespace.com,Male,2019-11-01
764,Erminie,Cornejo,ecornejol7@noaa.gov,Female,2021-02-27
765,Sophie,Frow,sfrowl8@ft.com,Female,2021-11-23
766,Robyn,Gook,rgookl9@house.gov,Female,2017-02-03
767,Ramsey,Hannaford,rhannafordla@gravatar.com,Male,2019-02-19
768,Shep,Wisniowski,swisniowskilb@ebay.com,Male,2019-08-30
769,Katharyn,Allchorn,kallchornlc@mail.ru,Female,2021-07-21
770,Philomena,Brightie,pbrightield@opensource.org,Female,2022-07-19
771,Nickolas,Studdal,nstuddalle@lulu.com,Bigender,2016-04-24
772,Beilul,Shuttlewood,bshuttlewoodlf@nbcnews.com,Female,2022-04-15
773,Brook,Jaynes,bjayneslg@istockphoto.com,Male,2019-12-15
774,Marsh,Goozee,mgoozeelh@netlog.com,Male,2019-12-30
775,Lydon,Johns,ljohnsli@mapquest.com,Male,2021-11-03
776,Aubrie,Thurley,athurleylj@google.fr,Female,2016-05-19
777,Nisse,Ponde,npondelk@liveinternet.ru,Female,2018-12-20
778,Zebedee,Leahy,zleahyll@ucoz.ru,Male,2021-10-15
779,Tedra,Goldthorp,tgoldthorplm@ft.com,Female,2021-01-16
780,Lemmie,Butting,lbuttingln@prnewswire.com,Male,2022-05-22
781,Shayna,Versey,sverseylo@exblog.jp,Female,2022-01-24
782,Constantina,Buffham,cbuffhamlp@zimbio.com,Female,2016-04-18
783,Guthry,Hurdwell,ghurdwelllq@unicef.org,Male,2023-01-19
784,Gerry,Hearon,ghearonlr@rediff.com,Agender,2016-10-21
785,Corty,Bullivant,cbullivantls@i2i.jp,Male,2017-03-14
786,Chelsea,Ledger,cledgerlt@canalblog.com,Female,2021-11-19
787,Nert,Goullee,ngoulleelu@jimdo.com,Female,2020-03-29
788,Roseanne,Helling,rhellinglv@comsenz.com,Female,2020-06-07
789,Lory,Stutter,lstutterlw@yandex.ru,Female,2020-10-14
790,Craggy,Groocock,cgroococklx@virginia.edu,Male,2022-03-02
791,Franky,O'Lynn,folynnly@drupal.org,Male,2017-11-08
792,Ginelle,Lucey,gluceylz@umich.edu,Female,2023-04-26
793,Katuscha,Ivanilov,kivanilovm0@multiply.com,Female,2019-10-09
794,Freddi,Peschet,fpeschetm1@admin.ch,Female,2017-08-25
795,Tandy,Docksey,tdockseym2@fema.gov,Female,2017-05-31
796,Ronny,Pipet,rpipetm3@amazon.co.uk,Male,2021-11-30
797,Iorgo,Bowater,ibowaterm4@mashable.com,Male,2017-05-04
798,Cordy,O'Lyhane,colyhanem5@ezinearticles.com,Female,2020-02-17
799,Hilda,Leathard,hleathardm6@deviantart.com,Female,2019-04-13
800,Sinclare,Lages,slagesm7@twitter.com,Male,2016-06-08
801,Raimondo,Scay,rscaym8@theatlantic.com,Male,2022-07-27
802,Tamas,Kaindl,tkaindlm9@devhub.com,Male,2020-10-20
803,Charline,Yersin,cyersinma@macromedia.com,Female,2017-03-08
804,Skelly,Cregan,screganmb@behance.net,Male,2016-04-29
805,Bonni,Do Rosario,bdorosariomc@parallels.com,Female,2022-12-13
806,Myrvyn,Esbrook,mesbrookmd@umn.edu,Male,2023-02-06
807,Alain,Goscar,agoscarme@wikispaces.com,Male,2018-04-14
808,Pepi,Jahns,pjahnsmf@epa.gov,Female,2015-12-28
809,Oliviero,Dallas,odallasmg@deliciousdays.com,Male,2017-03-13
810,Josh,Ouldcott,jouldcottmh@answers.com,Male,2020-03-12
811,Drew,McCuish,dmccuishmi@psu.edu,Male,2019-06-24
812,Debera,Sprott,dsprottmj@wsj.com,Female,2019-05-12
813,Iris,Freathy,ifreathymk@usda.gov,Female,2018-05-20
814,Florella,Stichall,fstichallml@utexas.edu,Female,2016-10-10
815,Sully,Condell,scondellmm@biblegateway.com,Male,2017-10-16
816,Jodie,Halliwell,jhalliwellmn@squidoo.com,Male,2017-08-02
817,Rivi,Weepers,rweepersmo@washington.edu,Female,2016-09-11
818,Marco,Eye,meyemp@vistaprint.com,Male,2017-09-27
819,Bryan,Carse,bcarsemq@creativecommons.org,Male,2018-02-18
820,Benny,MacColm,bmaccolmmr@yahoo.com,Male,2018-12-05
821,Roana,Espinheira,respinheirams@businessinsider.com,Female,2022-11-22
822,Caro,Gregolin,cgregolinmt@constantcontact.com,Female,2023-06-25
823,Milzie,Dart,mdartmu@netscape.com,Female,2017-08-07
824,Conney,Strelitzer,cstrelitzermv@statcounter.com,Polygender,2022-05-06
825,Barrie,Simoes,bsimoesmw@independent.co.uk,Male,2016-03-27
826,Ingram,Manach,imanachmx@senate.gov,Male,2020-10-25
827,Toni,Marcone,tmarconemy@boston.com,Female,2021-03-24
828,Elfrida,Mc Menamin,emcmenaminmz@about.com,Female,2019-11-12
829,Berty,Rown,brownn0@homestead.com,Male,2022-05-21
830,Cesya,Nutbean,cnutbeann1@seesaa.net,Female,2016-12-02
831,Tish,Tomsu,ttomsun2@pagesperso-orange.fr,Female,2019-03-14
832,Isiahi,Halbert,ihalbertn3@moonfruit.com,Male,2021-09-08
833,Tome,Buzza,tbuzzan4@loc.gov,Male,2017-11-25
834,Rosalyn,Rochelle,rrochellen5@php.net,Female,2017-04-26
835,Guntar,Tiddy,gtiddyn6@salon.com,Male,2018-05-23
836,Timofei,Carbery,tcarberyn7@wisc.edu,Male,2017-07-20
837,Mahmoud,McLugaish,mmclugaishn8@wix.com,Male,2021-12-01
838,Bebe,Olliver,bollivern9@issuu.com,Genderqueer,2019-12-29
839,Creigh,Riteley,criteleyna@washingtonpost.com,Male,2022-11-17
840,Chrissy,Stride,cstridenb@photobucket.com,Genderfluid,2018-01-17
841,Adolpho,Fransewich,afransewichnc@vinaora.com,Male,2018-05-31
842,Kira,Tapsell,ktapsellnd@senate.gov,Female,2021-02-18
843,Merrill,Staner,mstanerne@newyorker.com,Female,2017-12-15
844,Delainey,Partlett,dpartlettnf@tiny.cc,Male,2019-06-26
845,Brigida,Terry,bterryng@wiley.com,Female,2020-04-17
846,Ingaberg,Danovich,idanovichnh@privacy.gov.au,Female,2019-01-15
847,Karry,Stoakley,kstoakleyni@nydailynews.com,Female,2015-12-01
848,Charmine,Askam,caskamnj@blogtalkradio.com,Female,2020-04-30
849,Lutero,Aldritt,laldrittnk@wisc.edu,Male,2016-04-02
850,Moria,Makiver,mmakivernl@craigslist.org,Female,2018-01-05
851,Dorita,Vosper,dvospernm@woothemes.com,Female,2018-07-07
852,Hugh,Turfs,hturfsnn@themeforest.net,Male,2022-12-08
853,Hammad,McCarly,hmccarlyno@acquirethisname.com,Male,2020-07-12
854,Callean,Ivel,civelnp@google.com.hk,Male,2021-02-02
855,Aarika,Hargraves,ahargravesnq@about.me,Female,2022-06-26
856,Leena,Servis,lservisnr@apache.org,Female,2017-10-10
857,Rosie,Gadie,rgadiens@pagesperso-orange.fr,Female,2020-05-02
858,Corby,Wederell,cwederellnt@businesswire.com,Male,2022-07-20
859,Dougy,Rowena,drowenanu@istockphoto.com,Male,2019-01-26
860,Opalina,Oldmeadow,ooldmeadownv@1und1.de,Female,2023-01-17
861,Giavani,Goghin,ggoghinnw@mashable.com,Male,2020-11-13
862,Thurston,Saban,tsabannx@goodreads.com,Male,2017-08-12
863,Chariot,Janouch,cjanouchny@mac.com,Male,2023-02-26
864,Vasili,Davenport,vdavenportnz@cyberchimps.com,Male,2022-11-25
865,Theadora,Jandourek,tjandoureko0@networksolutions.com,Female,2021-07-11
866,Onofredo,Sammes,osammeso1@hao123.com,Polygender,2020-09-06
867,Adolpho,Edgett,aedgetto2@senate.gov,Male,2016-04-11
868,Matthus,Rapi,mrapio3@adobe.com,Male,2019-04-01
869,Faina,Armin,farmino4@dmoz.org,Female,2022-10-05
870,Rivalee,Joannidi,rjoannidio5@spiegel.de,Female,2016-04-12
871,Culver,Kirkman,ckirkmano6@weebly.com,Genderfluid,2017-03-25
872,Jesus,Kearn,jkearno7@github.io,Male,2020-08-07
873,Judye,Swiffan,jswiffano8@weibo.com,Female,2017-04-18
874,Vinnie,Jannasch,vjannascho9@scientificamerican.com,Female,2017-01-12
875,Keelia,Baumber,kbaumberoa@nature.com,Female,2020-11-20
876,Lorraine,Burbank,lburbankob@indiegogo.com,Female,2022-05-09
877,Bernice,Gamlin,bgamlinoc@hibu.com,Female,2019-02-19
878,Avis,Avery,aaveryod@bluehost.com,Female,2020-04-08
879,Colly,Enric,cenricoe@dion.ne.jp,Female,2023-01-16
880,Merrielle,Ioannidis,mioannidisof@biglobe.ne.jp,Female,2019-12-15
881,Wendie,Roantree,wroantreeog@ow.ly,Female,2016-10-30
882,Ronny,Vanyakin,rvanyakinoh@dailymail.co.uk,Male,2018-10-29
883,Berkie,Croxall,bcroxalloi@reference.com,Male,2020-04-23
884,Logan,Phillpot,lphillpotoj@tinypic.com,Male,2019-08-01
885,Dorise,Goomes,dgoomesok@springer.com,Female,2016-08-02
886,Udell,Lucy,ulucyol@theatlantic.com,Male,2021-10-11
887,Lexie,Fraanchyonok,lfraanchyonokom@parallels.com,Female,2023-03-08
888,Julian,Bindley,jbindleyon@4shared.com,Male,2016-07-21
889,Desmond,Cleaton,dcleatonoo@ed.gov,Male,2017-02-08
890,Dallis,Vooght,dvooghtop@list-manage.com,Male,2016-05-28
891,Joel,Pydcock,jpydcockoq@technorati.com,Male,2019-08-11
892,Skipton,Benazet,sbenazetor@github.io,Male,2020-05-25
893,Flora,Issacoff,fissacoffos@blogs.com,Female,2019-02-11
894,Edgar,Earlam,eearlamot@si.edu,Agender,2018-09-30
895,Gabi,Sarge,gsargeou@yandex.ru,Male,2023-06-06
896,Steward,Vicioso,sviciosoov@sohu.com,Male,2018-03-14
897,Lucila,Twinn,ltwinnow@smugmug.com,Female,2017-12-29
898,Georges,Yule,gyuleox@a8.net,Agender,2016-12-26
899,Elyse,Locock,elocockoy@soup.io,Female,2021-04-06
900,Hubie,Joffe,hjoffeoz@forbes.com,Male,2018-06-10
901,Sukey,Landa,slandap0@friendfeed.com,Female,2021-08-12
902,Candi,Lafayette,clafayettep1@moonfruit.com,Female,2016-08-04
903,Nicolina,Dionis,ndionisp2@ustream.tv,Female,2020-12-14
904,Otho,Palumbo,opalumbop3@nps.gov,Male,2016-02-16
905,Elka,Breacher,ebreacherp4@jimdo.com,Female,2021-10-17
906,Anastassia,Maddox,amaddoxp5@naver.com,Female,2016-09-01
907,Stacy,Spurett,sspurettp6@devhub.com,Male,2022-11-09
908,Sascha,Gorhardt,sgorhardtp7@com.com,Male,2022-10-03
909,Vince,Tonkinson,vtonkinsonp8@mac.com,Male,2016-04-24
910,Orly,Allsop,oallsopp9@yahoo.co.jp,Female,2020-08-09
911,Pepito,Baude,pbaudepa@businessinsider.com,Genderfluid,2016-08-26
912,Fidole,Sooper,fsooperpb@comsenz.com,Male,2016-09-21
913,Dollie,Macieja,dmaciejapc@tinypic.com,Female,2020-06-30
914,Ignacius,Larrat,ilarratpd@boston.com,Male,2018-08-08
915,Suzette,Wickstead,swicksteadpe@com.com,Female,2021-12-18
916,Sapphira,Watting,swattingpf@ustream.tv,Female,2018-11-07
917,Alikee,Vellender,avellenderpg@webnode.com,Genderqueer,2016-06-27
918,Erin,Painten,epaintenph@google.de,Female,2017-06-18
919,Lurette,Gosalvez,lgosalvezpi@ucoz.ru,Female,2022-05-13
920,Odo,Evemy,oevemypj@youtube.com,Male,2017-06-22
921,Torey,Gumb,tgumbpk@ucsd.edu,Male,2022-05-05
922,Nap,Millgate,nmillgatepl@admin.ch,Genderqueer,2022-03-04
923,Tess,McNelis,tmcnelispm@xing.com,Female,2018-06-19
924,Eunice,Boreham,eborehampn@msu.edu,Female,2017-06-22
925,Hattie,Densumbe,hdensumbepo@moonfruit.com,Female,2016-04-30
926,Lanita,Pashenkov,lpashenkovpp@moonfruit.com,Female,2022-03-01
927,Amii,Portingale,aportingalepq@flavors.me,Female,2017-06-09
928,Olympie,Harriskine,oharriskinepr@dyndns.org,Female,2018-04-21
929,Farand,Cluett,fcluettps@imageshack.us,Female,2017-03-27
930,Cully,Steer,csteerpt@angelfire.com,Non-binary,2021-04-16
931,Rebbecca,Cato,rcatopu@indiatimes.com,Female,2021-07-05
932,Ches,Rippingale,crippingalepv@senate.gov,Male,2020-11-04
933,Robbi,Walentynowicz,rwalentynowiczpw@msn.com,Female,2020-03-17
934,Ranice,Giacovelli,rgiacovellipx@themeforest.net,Female,2020-09-25
935,Lauren,Timny,ltimnypy@xinhuanet.com,Male,2022-10-16
936,Wang,Canacott,wcanacottpz@cnn.com,Male,2017-10-14
937,Nanni,Fiddymont,nfiddymontq0@toplist.cz,Female,2017-10-21
938,Vikky,Hampe,vhampeq1@usgs.gov,Female,2018-02-05
939,Kaiser,Endrighi,kendrighiq2@smh.com.au,Male,2016-08-22
940,Herby,Malyan,hmalyanq3@nymag.com,Male,2017-01-29
941,Davidde,Delea,ddeleaq4@oracle.com,Male,2021-10-28
942,Lonny,Wimpey,lwimpeyq5@google.fr,Male,2022-09-06
943,Engelbert,Popland,epoplandq6@youku.com,Male,2018-04-23
944,Charla,Giacubbo,cgiacubboq7@pbs.org,Female,2019-01-10
945,Reinaldos,Windram,rwindramq8@themeforest.net,Male,2021-12-24
946,Merwin,Levey,mleveyq9@nbcnews.com,Male,2016-11-30
947,Rad,Buer,rbuerqa@bing.com,Male,2018-04-18
948,Blondie,Ysson,byssonqb@friendfeed.com,Female,2017-08-08
949,Aryn,MacGillespie,amacgillespieqc@soup.io,Genderfluid,2021-12-05
950,Bartel,Kennan,bkennanqd@samsung.com,Male,2017-09-11
951,Gale,Punter,gpunterqe@simplemachines.org,Female,2017-05-11
952,Delmore,Hitcham,dhitchamqf@surveymonkey.com,Male,2021-04-05
953,Rudolf,Lamburne,rlamburneqg@abc.net.au,Male,2019-01-24
954,Gorden,Fantonetti,gfantonettiqh@mediafire.com,Male,2020-03-29
955,Zara,Lockhurst,zlockhurstqi@un.org,Bigender,2021-05-09
956,Lowrance,Castanaga,lcastanagaqj@yahoo.com,Male,2017-01-21
957,Clay,Sinney,csinneyqk@independent.co.uk,Male,2018-08-10
958,Cazzie,Knowler,cknowlerql@istockphoto.com,Male,2023-01-19
959,Riordan,Hansana,rhansanaqm@barnesandnoble.com,Male,2022-01-16
960,Tobye,Danilovitch,tdanilovitchqn@wordpress.com,Female,2020-07-21
961,Danny,Tovey,dtoveyqo@icio.us,Female,2020-05-07
962,Bobette,Birkwood,bbirkwoodqp@google.com.hk,Female,2019-02-16
963,Cordell,Lively,clivelyqq@wikipedia.org,Male,2020-04-28
964,Waite,Gowland,wgowlandqr@mayoclinic.com,Male,2021-06-12
965,Rebekah,Felton,rfeltonqs@miitbeian.gov.cn,Non-binary,2023-05-15
966,Nancee,Mealham,nmealhamqt@bing.com,Female,2021-06-23
967,Koralle,Donnachie,kdonnachiequ@so-net.ne.jp,Female,2020-04-22
968,Siffre,Whitsey,swhitseyqv@creativecommons.org,Male,2021-08-26
969,Adina,Blaxeland,ablaxelandqw@engadget.com,Female,2023-03-05
970,Dee,Lant,dlantqx@weibo.com,Female,2016-05-29
971,Erny,Neat,eneatqy@spotify.com,Male,2022-10-27
972,Caro,Bail,cbailqz@printfriendly.com,Female,2019-06-27
973,Marlowe,Penley,mpenleyr0@blinklist.com,Male,2019-06-04
974,Carroll,Blacklidge,cblacklidger1@bigcartel.com,Male,2018-01-05
975,Avis,Perkins,aperkinsr2@wikia.com,Female,2022-02-08
976,Jackie,Revans,jrevansr3@intel.com,Female,2019-12-30
977,Morgen,Buesden,mbuesdenr4@amazon.de,Female,2020-08-21
978,Panchito,Champkins,pchampkinsr5@nba.com,Male,2019-03-12
979,Ulrikaumeko,Crimes,ucrimesr6@dailymotion.com,Female,2020-05-10
980,Alisa,Cutcliffe,acutcliffer7@theatlantic.com,Female,2021-05-19
981,Charmain,Tibalt,ctibaltr8@csmonitor.com,Female,2021-10-18
982,Bary,Brasse,bbrasser9@miibeian.gov.cn,Male,2016-01-14
983,Hazlett,McDonald,hmcdonaldra@cornell.edu,Male,2023-05-31
984,Maggy,Van Der Hoog,mvanderhoogrb@ebay.com,Female,2016-12-11
985,Jarvis,Juschke,jjuschkerc@pen.io,Male,2022-07-15
986,Rasia,Ramsbottom,rramsbottomrd@independent.co.uk,Female,2023-01-03
987,Byram,Spoerl,bspoerlre@opera.com,Male,2019-09-03
988,Hester,Tichner,htichnerrf@symantec.com,Genderfluid,2020-11-07
989,Talbert,Hegerty,thegertyrg@vk.com,Male,2021-02-04
990,Roley,Grugerr,rgrugerrrh@discovery.com,Male,2021-08-10
991,Sharon,Dicte,sdicteri@plala.or.jp,Female,2019-06-20
992,Paige,Clopton,pcloptonrj@smugmug.com,Male,2022-05-07
993,Udale,Dye,udyerk@blog.com,Male,2020-07-13
994,Horatio,Lanchbury,hlanchburyrl@51.la,Male,2022-11-03
995,Minne,MacAlpin,mmacalpinrm@mayoclinic.com,Female,2021-07-22
996,Penni,Moakson,pmoaksonrn@newsvine.com,Female,2016-07-19
997,Craggy,Grece,cgrecero@storify.com,Male,2021-08-07
998,Charleen,Toghill,ctoghillrp@e-recht24.de,Female,2022-07-14
999,Inga,Peacocke,ipeacockerq@auda.org.au,Female,2022-10-02
1000,Kassia,Herety,kheretyrr@narod.ru,Female,2017-04-26
